qualitygate_access,I want Quality Gates Access
qualitygate_access,I Don’t have access to quality gates
qualitygate_access,I need Access to Quality Gates
qualitygate_access,I Am unable to access Quality Gates
qualitygate_access,Quality Gates
qualityprofile_access,I want Quality Profile Access
qualityprofile_access,I Don’t have access to quality Profiles
qualityprofile_access,I need Access to Quality Profiles
qualityprofile_access,I Am unable to access Quality Profiles
qualityprofile_access,Quality Profiles
qualityprofile_access,Quality Profiles
